id;first_name;last_name;middle_name;family_name;full_name;birth_date;national_id;passport_number
1;Rozella;Marvin;multi-byte generate magenta;mobile Seychelles Rupee;Bedfordshire Syrian Arab Republic Soap;2020-08-25;models withdrawal best-of-breed;proactive Barbados Dollar
2;Hailey;Cummerata;overriding Tactics;Awesome Cotton Shoes;Unions;2020-08-24;implement Metal Optimization;EXE Moldovan Leu generating
3;Brandy;Mayert;Movies;open-source internet solution;THX;2020-08-25;bifurcated;cross-platform benchmark
4;Caroline;Rice;Metrics Cotton;Licensed Soft Chicken Berkshire;groupware invoice;2020-08-25;visionary Fiji Dollar;Awesome
5;Lavonne;Kuvalis;Engineer Yuan Renminbi impactful;Mouse Lead transition;Zimbabwe Mill;2020-08-25;transmitter AI;tan Refined Optimization
6;Rubie;Mayert;deposit calculate;input Books;deposit AI;2020-08-25;Guyana;neural International Berkshire
7;Wallace;Hirthe;withdrawal Hawaii Developer;Communications Soap Mobility;Buckinghamshire;2020-08-24;JSON sky blue;Rue
8;Elise;Mosciski;orchid invoice Developer;Handmade;Refined;2020-08-24;Technician Rustic invoice;Investment Account
9;Keon;Torp;Indiana Chief;engineer;FTP;2020-08-25;Sharable Bedfordshire Incredible Metal Pizza;bypass Senior
10;Orval;Olson;programming;Jersey Russian Ruble IB;Movies monitoring;2020-08-25;South Carolina;Research Computer
